{
  "interactionModel": {
    "languageModel": {
      "invocationName": "final project",
      "intents": [
        {
          "name": "AMAZON.CancelIntent",
          "samples": []
        },
        {
          "name": "AMAZON.HelpIntent",
          "samples": []
        },
        {
          "name": "AMAZON.StopIntent",
          "samples": []
        },
        {
          "name": "AMAZON.NavigateHomeIntent",
          "samples": []
        },
        {
          "name": "SelectIntent",
          "slots": [
            {
              "name": "attribute",
              "type": "Attribute",
              "multipleValues": {
                "enabled": true
              }
            },
            {
              "name": "table",
              "type": "Table"
            },
            {
              "name": "where",
              "type": "Where"
            },
            {
              "name": "target_attribute",
              "type": "Attribute",
              "multipleValues": {
                "enabled": true
              }
            },
            {
              "name": "operator",
              "type": "Operator"
            },
            {
              "name": "target_attribute_value",
              "type": "Target_Attribute_Value"
            },
            {
              "name": "limit",
              "type": "Limit"
            },
            {
              "name": "limit_number",
              "type": "AMAZON.NUMBER"
            },
            {
              "name": "group_by",
              "type": "group_by"
            },
            {
              "name": "group_by_attribute",
              "type": "Attribute"
            }
          ],
          "samples": [
            "select {attribute} from {table} {where} {target_attribute} {operator} {target_attribute_value} {group_by} {group_by_attribute}",
            "select {attribute} from {table} {group_by} {group_by_attribute}",
            "select {attribute} from {table} {where} {target_attribute} {operator} {target_attribute_value} {limit} {limit_number}",
            "select {attribute} from {table} {limit} {limit_number}",
            "select {attribute} from {table} {where} {target_attribute} {operator} {target_attribute_value}",
            "select {attribute} from {table}"
          ]
        },
        {
          "name": "ProductIntent",
          "slots": [
            {
              "name": "property",
              "type": "property"
            }
          ],
          "samples": [
            "show me the most {property} product",
            "tell me the most {property} product",
            "the most {property} product",
            "I\u0027d like to know the most {property} product",
            "what is the most {property} product",
            "find me the most {property} product"
          ]
        }
      ],
      "types": [
        {
          "values": [
            {
              "name": {
                "value": "of"
              }
            },
            {
              "name": {
                "value": "to"
              }
            },
            {
              "name": {
                "value": "cart"
              }
            },
            {
              "name": {
                "value": "add"
              }
            },
            {
              "name": {
                "value": "dow"
              }
            },
            {
              "name": {
                "value": "prior"
              }
            },
            {
              "name": {
                "value": "since"
              }
            },
            {
              "name": {
                "value": "day"
              }
            },
            {
              "name": {
                "value": "hour"
              }
            },
            {
              "name": {
                "value": "number"
              }
            },
            {
              "name": {
                "value": "name"
              }
            },
            {
              "name": {
                "value": "id"
              }
            },
            {
              "name": {
                "value": "reordered"
              }
            },
            {
              "name": {
                "value": "order"
              }
            },
            {
              "name": {
                "value": "user"
              }
            },
            {
              "name": {
                "value": "product"
              }
            },
            {
              "name": {
                "value": "department"
              }
            },
            {
              "name": {
                "value": "aisle"
              }
            }
          ],
          "name": "Attribute"
        },
        {
          "values": [
            {
              "name": {
                "value": "order products"
              }
            },
            {
              "name": {
                "value": "orders"
              }
            },
            {
              "name": {
                "value": "products"
              }
            },
            {
              "name": {
                "value": "departments"
              }
            },
            {
              "name": {
                "value": "aisles"
              }
            }
          ],
          "name": "Table"
        },
        {
          "values": [
            {
              "name": {
                "value": "where"
              }
            }
          ],
          "name": "Where"
        },
        {
          "values": [
            {
              "name": {
                "value": "smaller than",
                "synonyms": [
                  "is less than",
                  "less than",
                  "is smaller than"
                ]
              }
            },
            {
              "name": {
                "value": "greater than",
                "synonyms": [
                  "is larger than",
                  "is greater than",
                  "larger than"
                ]
              }
            },
            {
              "name": {
                "value": "does not equal to",
                "synonyms": [
                  "is not",
                  "not equal to"
                ]
              }
            },
            {
              "name": {
                "value": "equal to",
                "synonyms": [
                  "is",
                  "equals to"
                ]
              }
            }
          ],
          "name": "Operator"
        },
        {
          "values": [
            {
              "name": {
                "value": "limit"
              }
            }
          ],
          "name": "Limit"
        },
        {
          "values": [
            {
              "name": {
                "value": "instant foods"
              }
            },
            {
              "name": {
                "value": "specialty cheeses"
              }
            },
            {
              "name": {
                "value": "bakery"
              }
            },
            {
              "name": {
                "value": "frozen"
              }
            },
            {
              "name": {
                "value": "112108"
              }
            },
            {
              "name": {
                "value": "3"
              }
            },
            {
              "name": {
                "value": "2"
              }
            },
            {
              "name": {
                "value": "1"
              }
            }
          ],
          "name": "Target_Attribute_Value"
        },
        {
          "values": [
            {
              "name": {
                "value": "group by"
              }
            }
          ],
          "name": "group_by"
        },
        {
          "values": [
            {
              "name": {
                "value": "repurchased"
              }
            },
            {
              "name": {
                "value": "reordered"
              }
            },
            {
              "name": {
                "value": "purchased"
              }
            },
            {
              "name": {
                "value": "bought"
              }
            },
            {
              "name": {
                "value": "hot"
              }
            },
            {
              "name": {
                "value": "popular"
              }
            }
          ],
          "name": "property"
        }
      ]
    }
  },
  "version": "28"
}